TIMOTHY YOUNG,TIM YOUNG
BENJAMIN PAYNE,BEN PAYNE
MALCOLM RICHARDS,MALCOLM J. RICHARDS
TIMOTHY RITCHIE,TIM RITCHIE
ABRAHAM CHELANGA,ABRAHAMM CHELANGA
NEGASH ABEBE DUKI,NEGASH DUKI
GIRMAY BIRHANU GEBRU,GIRMAY GEBRU
GIRMAY BIRHANU GEBRU,GIRMAY BIRHANU
ROB WATSON,ROBIN WATSON
YEMANE ADHANE TSEGAY,YEMANE TSEGAY
DANIEL KIPROP LIMO,DANIEL LIMO
MATT LLANO,MATTHEW LLANO
PATRICK RIZZO,PAT RIZZO
HILARY TOO,HILLARY TOO
AUGUSTUS MAIYO,AUGUSTUS K. MAIYO
CHRISTOPHER ZABLOCKI,CHRISTOPHER A. ZABLOCKI
WERKUNEH SEYOUM ABOYE,WERKUNEH SEYOUM
BIRHANU DARE KEMAL,BIRHANU KEMAL
BIRHANU DARE KEMAL,BIRHANU DARE KEMEL
TYLER JERMANN,TYLER JERMAN
JOE MOORE,JOSEPH MOORE
TADESSE YAE DABI,TADESSE YAI DABI
SULEMAN ABRAR SHIFA,SULEMAN SHIFA
GEOFFERY KAMWOROR,GEOFFREY KAMWOROR
DIRIBA DEGEFA YIGEZU,DIRIBA YIGEZU
TIMOTHY CHICHESTER,TIM CHICHESTER
ABAYNEH AYELE,ABAYNEH AYELE WOLDEGIORGIS
CHRIS LEMON,CHRISTOPHER LEMON
ZACH RIPLEY,ZACHARY RIPLEY
YITAYAL ATANFU,YITAYAL ATANFU ZERIHUN
YITAYAL ATANFU,YITAYAL ATNAFU
YEZID ALEXANDER ORJUELA SOCHE,YEZID ORJUELA SOCHE
FERNANDO CERVANTES CAUDILLO,FERNANDO CERVANTES
CALUM NEFF,(PACER) CALUM NEFF
CESAR MARTINS,CESAR A. MARTINS
MICHAEL WARDIAN,MICHAEL R. WARDIAN
MASON FRANK,MASON D. FRANK
JASON SIMPSON,JASON M. SIMPSON
LEMI BERHANU HAYLE,LEMI BERHANU
BENJAMIN P. ZYWICKI,BENJAMIN ZYWICKI
SAM MORSE,SAMUEL MORSE
CHARLIE HURT,CHARLIE A HURT
TEKLU DENEKE,TEKLU TEFERA DENEKE
WILY CANCHANYA,WILLY CANCHANYA
DAVID KEMBOI KIYENG,DAVID KIYENG
JUAN CARLOS TRUJILLO,CARLOS TRUJILLO
MATTHEW WILLIAMS,MATT WILLIAMS
FIKADU GIRMA TETERI,FIKADU GIRMA TEFERI

